<?xml version="1.0" encoding="UTF-8"?>
<list xmlns:xsi="http://www.w3.org/2001/XMLSchema-instance" xsi:noNamespaceSchemaLocation="../xsd/buylist.xsd">
	<item id="15609" price="0" /> <!-- Moirai Breastplate -->
	<item id="15612" price="0" /> <!-- Moirai Gaiter -->
	<item id="15606" price="0" /> <!-- Moirai Helmet -->
	<item id="15615" price="0" /> <!-- Moirai Gauntlet -->
	<item id="15618" price="0" /> <!-- Moirai Boots -->
	<item id="15621" price="0" /> <!-- Moirai Shield -->
	<item id="16174" price="0" /> <!-- Moirai Breastplate {PvP} -->
	<item id="15610" price="0" /> <!-- Moirai Leather Breastplate -->
	<item id="15613" price="0" /> <!-- Moirai Leather Legging -->
	<item id="15607" price="0" /> <!-- Moirai Leather Helmet -->
	<item id="15616" price="0" /> <!-- Moirai Leather Gloves -->
	<item id="15619" price="0" /> <!-- Moirai Leather Boots -->
	<item id="16175" price="0" /> <!-- Moirai Leather Breastplate {PvP} -->
	<item id="15611" price="0" /> <!-- Moirai Tunic -->
	<item id="15614" price="0" /> <!-- Moirai Stockings -->
	<item id="15608" price="0" /> <!-- Moirai Circlet -->
	<item id="15617" price="0" /> <!-- Moirai Gloves -->
	<item id="15620" price="0" /> <!-- Moirai Shoes -->
	<item id="16176" price="0" /> <!-- Moirai Tunic {PvP} -->
</list>
