<?xml version="1.0" encoding="UTF-8"?>
<list xmlns:xsi="http://www.w3.org/2001/XMLSchema-instance" xsi:noNamespaceSchemaLocation="../xsd/buylist.xsd">
	<item id="2375" price="0" /> <!-- Wolf Collar -->
	<item id="3500" price="0" /> <!-- Dragonflute of Wind -->
	<item id="3501" price="0" /> <!-- Dragonflute of Star -->
	<item id="3502" price="0" /> <!-- Dragonflute of Twilight -->
	<item id="4422" price="0" /> <!-- Dragon Bugle of Wind -->
	<item id="4423" price="0" /> <!-- Dragon Bugle of Star -->
	<item id="4424" price="0" /> <!-- Dragon Bugle of Twilight -->
	<item id="4425" price="0" /> <!-- Penitent's Manacles -->
	<item id="6648" price="0" /> <!-- Baby Buffalo Panpipe -->
	<item id="6650" price="0" /> <!-- Baby Kookaburra Ocarina -->
	<item id="6649" price="0" /> <!-- Baby Cougar Chime -->
	<item id="9882" price="0" /> <!-- Great Wolf Necklace -->
	<item id="10307" price="0" /> <!-- Great Snow Wolf Necklace -->
	<item id="10308" price="0" /> <!-- Red Dragon Bugle of Wind -->
	<item id="10309" price="0" /> <!-- Red Dragon Bugle of Star -->
	<item id="10310" price="0" /> <!-- Red Dragon Bugle of Twilight -->
	<item id="10311" price="0" /> <!-- Improved Buffalo Panpipe -->
	<item id="10313" price="0" /> <!-- Improved Kookaburra Ocarina -->
	<item id="10312" price="0" /> <!-- Improved Cougar Chime -->
	<item id="10426" price="0" /> <!-- Fenrir Necklace -->
	<item id="10611" price="0" /> <!-- Snow Fenrir Necklace -->
	<item id="13020" price="0" /> <!-- Fox Shaman Hunting Helper Necklace -->
	<item id="13019" price="0" /> <!-- Wild Beast Fighter Hunting Helper Necklace -->
	<item id="13017" price="0" /> <!-- White Weasel Hunting Helper Necklace -->
	<item id="13018" price="0" /> <!-- Fairy Princess Hunting Helper Necklace -->
	<item id="14061" price="0" /> <!-- Toy Knight Summon Whistle -->
	<item id="14062" price="0" /> <!-- Spirit Shaman Summon Whistle -->
	<item id="14064" price="0" /> <!-- Turtle Ascetic Summon Whistle -->
	<item id="14063" price="0" /> <!-- Owl Monk Summon Whistle -->
	<item id="14828" price="0" /> <!-- Deinonychus Mesozoic Stone -->
	<item id="14819" price="0" /> <!-- Guardian's Dragon Bugle -->
	<item id="15488" price="0" /> <!-- Maguen Pet Collar -->
	<item id="15489" price="0" /> <!-- Elite Maguen Pet Collar -->
	<item id="20760" price="0" /> <!-- Rudolph Necklace (Event) -->
	<item id="20761" price="0" /> <!-- Rudolph Necklace -->
	<item id="20908" price="0" /> <!-- Deseloph Rose Necklace (Event) - Summon duration - 3 hours -->
	<item id="20909" price="0" /> <!-- Hyum Rose Necklace (Event) - Summon duration - 3 hours -->
	<item id="20910" price="0" /> <!-- Rekang Rose Necklace (Event) - Summon duration - 3 hours -->
	<item id="20911" price="0" /> <!-- Lilias Rose Necklace (Event) - Summon duration - 3 hours -->
	<item id="20912" price="0" /> <!-- Lapham Rose Necklace (Event) - Summon duration - 3 hours -->
	<item id="20913" price="0" /> <!-- Mafum Rose Necklace (Event) - Summon duration - 3 hours -->
	<item id="20915" price="0" /> <!-- Improved Deseloph Rose Necklace (Event) - Summon duration - 5 hours -->
	<item id="20916" price="0" /> <!-- Improved Hyum Rose Necklace (Event) - Summon duration - 5 hours -->
	<item id="20917" price="0" /> <!-- Improved Rekang Rose Necklace (Event) - Summon duration - 5 hours -->
	<item id="20918" price="0" /> <!-- Improved Lilias Rose Necklace (Event) - Summon duration - 5 hours -->
	<item id="20919" price="0" /> <!-- Improved Lapham Rose Necklace (Event) - Summon duration - 5 hours -->
	<item id="20920" price="0" /> <!-- Improved Mafum Rose Necklace (Event) - Summon duration - 5 hours -->
	<item id="21916" price="0" /> <!-- Super Kat the Cat Z Summon Necklace -->
	<item id="21917" price="0" /> <!-- Super Feline Queen Z Summon Necklace -->
	<item id="21918" price="0" /> <!-- Super Mew the Cat Z Summon Necklace -->
</list>