<?xml version="1.0" encoding="UTF-8"?>
<list xmlns:xsi="http://www.w3.org/2001/XMLSchema-instance" xsi:noNamespaceSchemaLocation="../xsd/buylist.xsd">
	<item id="16306" price="0" />
	<item id="16307" price="0" />
	<item id="16308" price="0" />
	<item id="16309" price="0" />
	<item id="16310" price="0" />
	<item id="16311" price="0" />
	<item id="16312" price="0" />
	<item id="16313" price="0" />
	<item id="16314" price="0" />
	<item id="16315" price="0" />
	<item id="16316" price="0" />
	<item id="16317" price="0" />
	<item id="16318" price="0" />
	<item id="16319" price="0" />
	<item id="16320" price="0" />
	<item id="16837" price="0" />
	<item id="16838" price="0" />
	<item id="16839" price="0" />
	<item id="16840" price="0" />
	<item id="16841" price="0" />
	<item id="16842" price="0" />
	<item id="16843" price="0" />
	<item id="16844" price="0" />
	<item id="16845" price="0" />
	<item id="16846" price="0" />
	<item id="16847" price="0" />
	<item id="16848" price="0" />
	<item id="16849" price="0" />
	<item id="16850" price="0" />
	<item id="16851" price="0" />
</list>