<?xml version="1.0" encoding="UTF-8"?>
<list xmlns:xsi="http://www.w3.org/2001/XMLSchema-instance" xsi:noNamespaceSchemaLocation="../xsd/buylist.xsd">
	<npcs>
		<npc>35628</npc> <!-- Quigby -->
	</npcs>
	<item id="6902" /> <!-- Pledge Shield -->
	<item id="6643" /> <!-- Old Golden Spice -->
	<item id="1829" count="5" restock_delay="60" /> <!-- Scroll of Escape: Clan Hall -->
	<item id="5858" count="2" restock_delay="60" /> <!-- Blessed Scroll of Escape: Clan Hall -->
	<item id="5169" count="10" restock_delay="60" /> <!-- Deluxe Food for Strider -->
	<item id="952" count="1" restock_delay="120" /> <!-- Scroll: Enchant Armor (C-Grade) -->
	<item id="7133" count="1" restock_delay="60" /> <!-- Scroll of Escape: Town of Goddard -->
	<item id="7132" count="1" restock_delay="60" /> <!-- Scroll of Escape: Town of Aden -->
	<item id="8645" count="1" restock_delay="120" /> <!-- Recipe: Elixir of Life (S-Grade) (100%) -->
	<item id="8651" count="1" restock_delay="120" /> <!-- Recipe: Elixir of Mental Strength (S-Grade) (100%) -->
	<item id="8751" count="1" restock_delay="120" /> <!-- High-Grade Life Stone -  Level 70 -->	
	<item id="948" count="1" restock_delay="240" /> <!-- Scroll: Enchant Armor (B-Grade) -->	
</list>