<?xml version="1.0" encoding="UTF-8"?>
<list xmlns:xsi="http://www.w3.org/2001/XMLSchema-instance" xsi:noNamespaceSchemaLocation="../xsd/buylist.xsd">
	<npcs>
		<npc>35628</npc> <!-- Quigby -->
	</npcs>
	<item id="6902" /> <!-- Pledge Shield -->
	<item id="6643" /> <!-- Old Golden Spice -->
	<item id="1829" count="5" restock_delay="60" /> <!-- Scroll of Escape: Clan Hall -->
	<item id="5858" count="2" restock_delay="60" /> <!-- Blessed Scroll of Escape: Clan Hall -->
	<item id="5169" count="10" restock_delay="60" /> <!-- Deluxe Food for Strider -->
	<item id="952" count="1" restock_delay="120" /> <!-- Scroll: Enchant Armor (C-Grade) -->
	<item id="7133" count="1" restock_delay="60" /> <!-- Scroll of Escape: Town of Goddard -->
	<item id="7132" count="1" restock_delay="60" /> <!-- Scroll of Escape: Town of Aden -->
	<item id="7583" count="1" restock_delay="120" /> <!-- Pet Exchange Ticket: Buffalo -->
	<item id="6927" count="1" restock_delay="60" /> <!-- Recipe: Healing Potion (100%) -->
	<item id="6933" count="1" restock_delay="60" /> <!-- Recipe: Haste Potion (100%) -->
	<item id="6934" count="1" restock_delay="60" /> <!-- Recipe: Alacrity Potion (100%) -->
	<item id="6930" count="1" restock_delay="60" /> <!-- Recipe: Greater Antidote (100%) -->
	<item id="6932" count="1" restock_delay="60" /> <!-- Recipe: Emergency Dressing (100%) -->
	<item id="6937" count="1" restock_delay="60" /> <!-- Recipe: Magic Haste Potion (100%) -->
	<item id="6920" count="1" restock_delay="60" /> <!-- Recipe: Greater Fish Oil (100%) -->
	<item id="8368" count="1" restock_delay="60" /> <!-- Recipe: Artisan's Goggles (100%) -->
	<item id="6924" count="1" restock_delay="60" /> <!-- Recipe: Pirate's Eye Patch (100%) -->
	<item id="6943" count="1" restock_delay="60" /> <!-- Recipe: Dye Potion - A (100%) -->
	<item id="6944" count="1" restock_delay="60" /> <!-- Recipe: Dye Potion - B (100%) -->
	<item id="6945" count="1" restock_delay="60" /> <!-- Recipe: Dye Potion - C (100%) -->
	<item id="6946" count="1" restock_delay="60" /> <!-- Recipe: Dye Potion - D (100%) -->
	<item id="6990" count="1" restock_delay="60" /> <!-- Recipe: Greater Dye of STR <Str+3 Con-3> (100%) -->
	<item id="6991" count="1" restock_delay="60" /> <!-- Recipe: Greater Dye of STR <Str+3 Dex-3> (100%) -->
	<item id="6992" count="1" restock_delay="60" /> <!-- Recipe: Greater Dye of CON <Con+3 Str-3> (100%) -->
	<item id="6993" count="1" restock_delay="60" /> <!-- Recipe: Greater Dye of CON <Con+3 Dex-3> (100%) -->
	<item id="6994" count="1" restock_delay="60" /> <!-- Recipe: Greater Dye of DEX <Dex+3 Str-3> (100%) -->
	<item id="6995" count="1" restock_delay="60" /> <!-- Recipe: Greater Dye of DEX <Dex+3 Con-3> (100%) -->
	<item id="6996" count="1" restock_delay="60" /> <!-- Recipe: Greater Dye of INT <Int+3 Men-3> (100%) -->
	<item id="6997" count="1" restock_delay="60" /> <!-- Recipe: Greater Dye of INT <Int+3 Wit-3> (100%) -->
	<item id="6998" count="1" restock_delay="60" /> <!-- Recipe: Greater Dye of MEN <Men+3 Int-3> (100%) -->
	<item id="6999" count="1" restock_delay="60" /> <!-- Recipe: Greater Dye of MEN <Men+3 Wit-3> (100%) -->
	<item id="7000" count="1" restock_delay="60" /> <!-- Recipe: Greater Dye of WIT <Wit+3 Int-3> (100%) -->
	<item id="7001" count="1" restock_delay="60" /> <!-- Recipe: Greater Dye of WIT <Wit+3 Men-3> (100%) -->
	<item id="8645" count="1" restock_delay="120" /> <!-- Recipe: Elixir of Life (S-Grade) (100%) -->
	<item id="8651" count="1" restock_delay="120" /> <!-- Recipe: Elixir of Mental Strength (S-Grade) (100%) -->
	<item id="9606" /> <!-- Agathion Seal Bracelet - Wild Beast Reserve -->
	<item id="10142" count="1" restock_delay="120" /> <!-- Grey Talisman - Buffalo Transform -->
	<item id="8751" count="1" restock_delay="120" /> <!-- High-Grade Life Stone -  Level 70 -->
	<item id="8752" count="1" restock_delay="240" /> <!-- High-Grade Life Stone -  Level 76 -->
	<item id="8761" count="1" restock_delay="361" /> <!-- Top-Grade Life Stone -  Level 70 -->
	<item id="948" count="1" restock_delay="240" /> <!-- Scroll: Enchant Armor (B-Grade) -->
	<item id="947" count="1" restock_delay="361" /> <!-- Scroll: Enchant Weapon (B-Grade) -->
	<item id="730" count="1" restock_delay="361" /> <!-- Scroll: Enchant Armor (A-Grade) -->
	<item id="9898" count="1" restock_delay="480" /> <!-- SP Scroll: Highest Grade -->
	<item id="16121" count="1" restock_delay="1428" /> <!-- Recipe - Refined Cow Hat (10%) -->
	<item id="8762" count="1" restock_delay="722" /> <!-- Top-Grade Life Stone -  Level 76 -->
	<item id="16133" count="10" restock_delay="60" /> <!-- Fabric of Refined Cow Hat -->
</list>