<?xml version="1.0" encoding="UTF-8"?>
<list xmlns:xsi="http://www.w3.org/2001/XMLSchema-instance" xsi:noNamespaceSchemaLocation="../xsd/buylist.xsd">
	<npcs>
		<npc>30087</npc> <!-- Peta -->
	</npcs>
	<item id="12011" /> <!-- Common Item - Cursed Stockings -->
	<item id="12010" /> <!-- Common Item - Cursed Tunic -->
	<item id="12017" /> <!-- Common Item - Dark Stockings -->
	<item id="12022" /> <!-- Common Item - White Tunic -->
	<item id="12019" /> <!-- Common Item - Mystic's Stockings -->
	<item id="12018" /> <!-- Common Item - Mystic's Tunic -->
	<item id="12048" /> <!-- Common Item - Stockings of Knowledge -->
	<item id="12047" /> <!-- Common Item - Tunic of Knowledge -->
	<item id="12058" /> <!-- Common Item - Mithril Stockings -->
	<item id="12057" /> <!-- Common Item - Mithril Tunic -->
	<item id="12083" /> <!-- Common Item - Sage's Rag -->
	<item id="12013" /> <!-- Common Item - Bronze Shield -->
	<item id="12025" /> <!-- Common Item - Aspis -->
	<item id="12051" /> <!-- Common Item - Hoplon -->
	<item id="12069" /> <!-- Common Item - Kite Shield -->
	<item id="12063" /> <!-- Common Item - Brigandine Shield -->
	<item id="12073" /> <!-- Common Item - Square Shield -->
	<item id="12078" /> <!-- Common Item - Plate Shield -->
	<item id="12007" /> <!-- Common Item - Crafted Leather Gloves -->
	<item id="12016" /> <!-- Common Item - Leather Gauntlet -->
	<item id="12038" /> <!-- Common Item - Gauntlet -->
	<item id="12068" /> <!-- Common Item - Rip Gauntlet -->
	<item id="12046" /> <!-- Common Item - Gloves of Knowledge -->
	<item id="12065" /> <!-- Common Item - Elven Mithril Gloves -->
	<item id="12072" /> <!-- Common Item - Mithril Gloves -->
	<item id="12076" /> <!-- Common Item - Ogre Power Gauntlet -->
	<item id="12082" /> <!-- Common Item - Sage's Worn Gloves -->
	<item id="12006" /> <!-- Common Item - Leather Boots -->
	<item id="12029" /> <!-- Common Item - Blue Buckskin Boots -->
	<item id="12033" /> <!-- Common Item - Iron Boots -->
	<item id="12070" /> <!-- Common Item - Boots of Power -->
	<item id="12045" /> <!-- Common Item - Boots of Knowledge -->
	<item id="12066" /> <!-- Common Item - Elven Mithril Boots -->
	<item id="12071" /> <!-- Common Item - Assault Boots -->
	<item id="12075" /> <!-- Common Item - Salamander Skin Boots -->
	<item id="12077" /> <!-- Common Item - Plate Boots -->
	<item id="12009" /> <!-- Common Item - Bone Helmet -->
	<item id="12028" /> <!-- Common Item - Bronze Helmet -->
	<item id="12050" /> <!-- Common Item - Helmet -->
	<item id="12064" /> <!-- Common Item - Brigandine Helmet -->
	<item id="12079" /> <!-- Common Item - Plate Helmet -->
	<item id="12099" /> <!-- Common Item - Karmian Tunic -->
	<item id="12100" /> <!-- Common Item - Karmian Stockings -->
	<item id="12098" /> <!-- Common Item - Karmian Boots -->
	<item id="12097" /> <!-- Common Item - Karmian Gloves -->
	<item id="12115" /> <!-- Common Item - Robe of Seal -->
	<item id="12124" /> <!-- Common Item - Demon's Stockings -->
	<item id="12139" /> <!-- Common Item - Divine Stockings -->
	<item id="12123" /> <!-- Common Item - Demon's Tunic -->
	<item id="12138" /> <!-- Common Item - Divine Tunic -->
</list>
