<?xml version="1.0" encoding="UTF-8"?>
<list xmlns:xsi="http://www.w3.org/2001/XMLSchema-instance" xsi:noNamespaceSchemaLocation="../xsd/buylist.xsd">
	<npcs>
		<npc>30179</npc> <!-- Raudia -->
	</npcs>
	<item id="11614" /> <!-- Common Item - Saber -->
	<item id="11605" /> <!-- Common Item - Steel Sword -->
	<item id="11613" /> <!-- Common Item - Crafted Dagger -->
	<item id="11617" /> <!-- Common Item - Assassin Knife -->
	<item id="11606" /> <!-- Common Item - Reinforced Bow -->
	<item id="11623" /> <!-- Common Item - Hand Axe -->
	<item id="11626" /> <!-- Common Item - Heavy Mace -->
	<item id="11618" /> <!-- Common Item - Work Hammer -->
	<item id="11622" /> <!-- Common Item - Trident -->
	<item id="11635" /> <!-- Common Item - Bastard Sword -->
	<item id="11646" /> <!-- Common Item - Poniard Dagger -->
	<item id="11632" /> <!-- Common Item - Long Bow -->
	<item id="11629" /> <!-- Common Item - Dark Elven Bow -->
	<item id="11647" /> <!-- Common Item - Pike -->
	<item id="11631" /> <!-- Common Item - Dwarven Trident -->
	<item id="11608" /> <!-- Common Item - Bagh-Nakh -->
	<item id="11642" /> <!-- Common Item - Single-Edged Jamadhr -->
</list>
